{
  "project_info": {
    "project_number": "837861139771",
    "firebase_url": "https://my-application-64210.firebaseio.com",
    "project_id": "my-application-64210",
    "storage_bucket": "my-application-64210.appspot.com"
  },
  "client": [
    {
      "client_info": {
        "mobilesdk_app_id": "1:837861139771:android:b0036df1e60448c919831e",
        "android_client_info": {
          "package_name": "com.socket.myapplication"
        }
      },
      "oauth_client": [
        {
          "client_id": "837861139771-p8ir3dudl153ltqoflihqdjf5dhj1666.apps.googleusercontent.com",
          "client_type": 1,
          "android_info": {
            "package_name": "com.socket.myapplication",
            "certificate_hash": "2590662a50b9d192ff38c348f73c8454d649d470"
          }
        },
        {
          "client_id": "837861139771-e941i0jauv7m0s72cmhcav8k6mm1i4ro.apps.googleusercontent.com",
          "client_type": 3
        }
      ],
      "api_key": [
        {
          "current_key": "AIzaSyA4fnDoGbAULAiwgpL_4oChPGisn06krcs"
        }
      ],
      "services": {
        "appinvite_service": {
          "other_platform_oauth_client": [
            {
              "client_id": "837861139771-e941i0jauv7m0s72cmhcav8k6mm1i4ro.apps.googleusercontent.com",
              "client_type": 3
            }
          ]
        }
      }
    }
  ],
  "configuration_version": "1"
}